id	key	status	data	count	created_at	updated_at
2712	MLP000000000Ujsc373e/update-confirmation/MLI-update-DT2023030003-2024-03-18-15-10-01.json	fetch license error	{"softwareIsValid":true,"model":"MolecuLightDX","serial":"DT2023030003","licenseCode":"MLP000000000","organization":"MLI","firmware":"00.03.04","software":"B.0.2.993","os":"v3.1.22206d","built":"2024-03-18","language":"English","dateFormat":"yyyy-MM-dd","timeFormat":"hh:mm a","syncEmr":"SYNC_EMR_NONE","videoRecordingEnabled":true,"loginFailureAction":1800,"getPatientConsent":false,"automaticDateTimeEnabled":true,"usageTracking":false,"lastUsageExportSuccess":"","usageTrackingAutoExport":false,"isUserWifiConfigurable":false,"softwareUpgradeDate":"2024-03-18T15:10:01.530Z","LED_TEMP":1,"POWERDOWN":6,"AMBIENT":1441,"BATTERY_VOLTAGE":"OK","SYNC":0,"WIFI":4,"MESSAGE":"{\\"BATT\\":92,\\"BATT_VOLT\\":\\"OK\\",\\"ALS\\":1441,\\"RF\\":00,\\"WL_STATE\\":\\"OFF\\",\\"HOST_STATE\\":\\"ON\\",\\"FL_STATE\\":\\"OFF\\",\\"LAS_STATE\\":\\"OFF\\",\\"RF_STATE\\":\\"OFF\\",\\"WIFI\\":\\"UP\\",\\"LED_TEMP\\":\\"OK\\",\\"SYNC\\":\\"SYNC_OFF\\",\\"USB\\":\\"UP\\",\\"CHG\\":\\"NONE\\"}"}	6	2024-03-19 05:55:03	2024-03-19 11:41:02
2713	MLP000000000Ujsc373e/update-confirmation/MLI-update-DT2023030003-2024-03-18-22-47-58.json	fetch license error	{"softwareIsValid":true,"model":"MolecuLightDX","serial":"DT2023030003","licenseCode":"MLP000000000","organization":"MLI","firmware":"00.03.04","software":"B.0.2.995","os":"v3.1.23268","built":"2024-03-18","language":"English","dateFormat":"yyyy-MM-dd","timeFormat":"hh:mm a","syncEmr":"SYNC_EMR_NONE","videoRecordingEnabled":true,"loginFailureAction":1800,"getPatientConsent":false,"automaticDateTimeEnabled":true,"usageTracking":false,"lastUsageExportSuccess":"","usageTrackingAutoExport":false,"isUserWifiConfigurable":false,"softwareUpgradeDate":"2024-03-18T22:47:58.474Z","LED_TEMP":1,"POWERDOWN":6,"AMBIENT":2877,"BATTERY_VOLTAGE":"OK","SYNC":0,"WIFI":4,"MESSAGE":"{\\"BATT\\":99,\\"BATT_VOLT\\":\\"OK\\",\\"ALS\\":2877,\\"RF\\":00,\\"WL_STATE\\":\\"OFF\\",\\"HOST_STATE\\":\\"ON\\",\\"FL_STATE\\":\\"OFF\\",\\"LAS_STATE\\":\\"OFF\\",\\"RF_STATE\\":\\"OFF\\",\\"WIFI\\":\\"UP\\",\\"LED_TEMP\\":\\"OK\\",\\"SYNC\\":\\"SYNC_OFF\\",\\"USB\\":\\"UP\\",\\"CHG\\":\\"NONE\\"}"}	6	2024-03-19 05:55:03	2024-03-19 11:41:02
2714	MLP000000000Ujsc373e/update-confirmation/MLI-update-DX2021030005-2024-03-18-15-57-48.json	fetch license error	{"softwareIsValid":true,"model":"MolecuLightDX","serial":"DX2021030005","licenseCode":"MLP000000000","organization":"MLI","firmware":"1.0.4","software":"B.0.2.990","os":"v3.1.21319","built":"2024-03-16","language":"English","dateFormat":"yyyy-MM-dd","timeFormat":"hh:mm a","syncEmr":"SYNC_EMR_NONE","videoRecordingEnabled":true,"loginFailureAction":1800,"getPatientConsent":false,"automaticDateTimeEnabled":true,"usageTracking":false,"lastUsageExportSuccess":"","usageTrackingAutoExport":false,"isUserWifiConfigurable":false,"softwareUpgradeDate":"2024-03-18T15:57:48.979Z","LED_TEMP":1,"POWERDOWN":6,"AMBIENT":50411,"BATTERY_VOLTAGE":"OK","SYNC":0,"WIFI":4,"MESSAGE":"{\\"BATT\\":53,\\"BATT_VOLT\\":\\"OK\\",\\"ALS\\":50411,\\"RF\\":100,\\"WL_STATE\\":\\"OFF\\",\\"FL_STATE\\":\\"OFF\\",\\"LAS_STATE\\":\\"OFF\\",\\"RF_STATE\\":\\"OFF\\",\\"WIFI\\":\\"UP\\",\\"LED_TEMP\\":\\"OK\\",\\"SYNC\\":\\"SYNC_OFF\\",\\"USB\\":\\"UP\\",\\"CHG\\":\\"PC\\"}"}	6	2024-03-19 05:55:04	2024-03-19 11:41:02
2715	MLP000000000Ujsc373e/update-confirmation/MLI-update-DX2021030036-2024-03-18-19-25-31.json	fetch license error	{"softwareIsValid":true,"model":"MolecuLightDX","serial":"DX2021030036","licenseCode":"MLP000000000","organization":"MLI","firmware":"1.0.4","software":"B.0.2.986","os":"v3.1.22206d","built":"2024-03-14","language":"English","dateFormat":"yyyy-MM-dd","timeFormat":"hh:mm a","syncEmr":"SYNC_EMR_NONE","videoRecordingEnabled":true,"loginFailureAction":1800,"getPatientConsent":false,"automaticDateTimeEnabled":true,"usageTracking":false,"lastUsageExportSuccess":"","usageTrackingAutoExport":false,"isUserWifiConfigurable":false,"softwareUpgradeDate":"2024-03-18T19:25:31.720Z","LED_TEMP":1,"POWERDOWN":6,"AMBIENT":29539,"BATTERY_VOLTAGE":"OK","SYNC":0,"WIFI":4,"MESSAGE":"{\\"BATT\\":78,\\"BATT_VOLT\\":\\"OK\\",\\"ALS\\":29539,\\"RF\\":8191,\\"WL_STATE\\":\\"OFF\\",\\"FL_STATE\\":\\"OFF\\",\\"LAS_STATE\\":\\"OFF\\",\\"RF_STATE\\":\\"OFF\\",\\"WIFI\\":\\"UP\\",\\"LED_TEMP\\":\\"OK\\",\\"SYNC\\":\\"SYNC_OFF\\", \\"MOD_PL\\":\\"0\\",\\"USB\\":\\"UP\\",\\"CHG\\":\\"PC\\"}"}	6	2024-03-19 05:55:04	2024-03-19 11:41:03
2716	MLP000000000Ujsc373e/update-confirmation/MLI-update-DX2022030188-2024-03-18-16-19-22.json	fetch license error	{"softwareIsValid":true,"model":"MolecuLightDX","serial":"DX2022030188","licenseCode":"MLP000000000","organization":"MLI","firmware":"1.0.4","software":"B.0.2.990","os":"v3.1.21319","built":"2024-03-16","language":"English","dateFormat":"yyyy-MM-dd","timeFormat":"hh:mm a","syncEmr":"SYNC_EMR_NONE","videoRecordingEnabled":true,"loginFailureAction":1800,"getPatientConsent":false,"automaticDateTimeEnabled":true,"usageTracking":false,"lastUsageExportSuccess":"","usageTrackingAutoExport":false,"isUserWifiConfigurable":false,"softwareUpgradeDate":"2024-03-18T16:19:22.287Z","LED_TEMP":1,"POWERDOWN":6,"AMBIENT":8658,"BATTERY_VOLTAGE":"OK","SYNC":0,"WIFI":4,"MESSAGE":"{\\"BATT\\":95,\\"BATT_VOLT\\":\\"OK\\",\\"ALS\\":8658,\\"RF\\":31,\\"WL_STATE\\":\\"OFF\\",\\"FL_STATE\\":\\"OFF\\",\\"LAS_STATE\\":\\"OFF\\",\\"RF_STATE\\":\\"OFF\\",\\"WIFI\\":\\"UP\\",\\"LED_TEMP\\":\\"OK\\",\\"SYNC\\":\\"SYNC_OFF\\",\\"USB\\":\\"UP\\",\\"CHG\\":\\"PC\\"}"}	6	2024-03-19 05:55:04	2024-03-19 11:41:03
2717	MLP000000000Ujsc373e/update-confirmation/MLI-update-DX2022030188-2024-03-18-19-16-18.json	fetch license error	{"softwareIsValid":true,"model":"MolecuLightDX","serial":"DX2022030188","licenseCode":"MLP000000000","organization":"MLI","firmware":"1.0.4","software":"B.0.2.994","os":"v3.1.21278d","built":"2024-03-18","language":"English","dateFormat":"yyyy-MM-dd","timeFormat":"hh:mm a","syncEmr":"SYNC_EMR_NONE","videoRecordingEnabled":true,"loginFailureAction":1800,"getPatientConsent":false,"automaticDateTimeEnabled":true,"usageTracking":false,"lastUsageExportSuccess":"","usageTrackingAutoExport":false,"isUserWifiConfigurable":false,"softwareUpgradeDate":"2024-03-18T19:16:18.882Z","LED_TEMP":1,"POWERDOWN":6,"AMBIENT":23283,"BATTERY_VOLTAGE":"OK","SYNC":0,"WIFI":4,"MESSAGE":"{\\"BATT\\":100,\\"BATT_VOLT\\":\\"OK\\",\\"ALS\\":23283,\\"RF\\":114,\\"WL_STATE\\":\\"OFF\\",\\"FL_STATE\\":\\"OFF\\",\\"LAS_STATE\\":\\"OFF\\",\\"RF_STATE\\":\\"OFF\\",\\"WIFI\\":\\"UP\\",\\"LED_TEMP\\":\\"OK\\",\\"SYNC\\":\\"SYNC_OFF\\",\\"USB\\":\\"UP\\",\\"CHG\\":\\"PC\\"}"}	6	2024-03-19 05:55:05	2024-03-19 11:41:03
2718	MLP0010010016MKw8bfe/update-confirmation/MLI-update-DX2021030023-2024-03-18-15-31-03.json	fetch license error	{"softwareIsValid":true,"model":"MolecuLightDX","serial":"DX2021030023","licenseCode":"MLP001001001","organization":"Moleculight","firmware":"1.0.4","software":"B.1.2.133","os":"v3.1.21319","built":"2023-12-18","language":"English","dateFormat":"yyyy-MM-dd","timeFormat":"hh:mm a","syncEmr":"SYNC_EMR_WOUND_ZOOM","videoRecordingEnabled":false,"loginFailureAction":1800,"getPatientConsent":false,"automaticDateTimeEnabled":true,"usageTracking":false,"lastUsageExportSuccess":"","usageTrackingAutoExport":false,"isUserWifiConfigurable":false,"softwareUpgradeDate":"2024-03-18T15:31:03.261Z","LED_TEMP":1,"POWERDOWN":6,"AMBIENT":0,"BATTERY_VOLTAGE":"OK","SYNC":2,"WIFI":4,"MESSAGE":"{\\"BATT\\":48,\\"BATT_VOLT\\":\\"OK\\",\\"ALS\\":00,\\"RF\\":17,\\"WL_STATE\\":\\"OFF\\",\\"FL_STATE\\":\\"OFF\\",\\"LAS_STATE\\":\\"OFF\\",\\"RF_STATE\\":\\"OFF\\",\\"WIFI\\":\\"UP\\",\\"LED_TEMP\\":\\"OK\\",\\"SYNC\\":\\"SYNC_IDLE\\",\\"USB\\":\\"UP\\",\\"CHG\\":\\"PC\\"}"}	6	2024-03-19 05:55:05	2024-03-19 11:41:04
2719	MLP000000000Ujsc373e/update-confirmation/MLI-update-DT2023030003-2024-03-19-18-54-15.json	fetch license error	{"softwareIsValid":true,"model":"MolecuLightDX","serial":"DT2023030003","licenseCode":"MLP000000000","organization":"MLI","firmware":"00.03.04","software":"B.0.2.998","os":"v3.1.23268","built":"2024-03-19","language":"English","dateFormat":"yyyy-MM-dd","timeFormat":"hh:mm a","syncEmr":"SYNC_EMR_NONE","videoRecordingEnabled":true,"loginFailureAction":1800,"getPatientConsent":false,"automaticDateTimeEnabled":true,"usageTracking":false,"lastUsageExportSuccess":"","usageTrackingAutoExport":false,"isUserWifiConfigurable":false,"softwareUpgradeDate":"2024-03-19T18:54:15.943Z","LED_TEMP":1,"POWERDOWN":6,"AMBIENT":41038,"BATTERY_VOLTAGE":"OK","SYNC":0,"WIFI":4,"MESSAGE":"{\\"BATT\\":96,\\"BATT_VOLT\\":\\"OK\\",\\"ALS\\":41038,\\"RF\\":00,\\"WL_STATE\\":\\"OFF\\",\\"HOST_STATE\\":\\"ON\\",\\"FL_STATE\\":\\"OFF\\",\\"LAS_STATE\\":\\"OFF\\",\\"RF_STATE\\":\\"OFF\\",\\"WIFI\\":\\"UP\\",\\"LED_TEMP\\":\\"OK\\",\\"SYNC\\":\\"SYNC_OFF\\",\\"USB\\":\\"UP\\",\\"CHG\\":\\"NONE\\"}"}	6	2024-03-20 05:55:03	2024-03-20 11:41:02
2720	MLP000000000Ujsc373e/update-confirmation/MLI-update-DT2023050002-2024-03-19-13-52-51.json	fetch license error	{"softwareIsValid":true,"model":"MolecuLightDX","serial":"DT2023050002","licenseCode":"MLP000000000","organization":"MLI","firmware":"00.03.04","software":"B.0.2.995","os":"v3.1.23268","built":"2024-03-18","language":"English","dateFormat":"yyyy-MM-dd","timeFormat":"hh:mm a","syncEmr":"SYNC_EMR_NONE","videoRecordingEnabled":true,"loginFailureAction":1800,"getPatientConsent":false,"automaticDateTimeEnabled":true,"usageTracking":false,"lastUsageExportSuccess":"","usageTrackingAutoExport":false,"isUserWifiConfigurable":false,"softwareUpgradeDate":"2024-03-19T13:52:51.263Z","LED_TEMP":1,"POWERDOWN":6,"AMBIENT":32811,"BATTERY_VOLTAGE":"OK","SYNC":0,"WIFI":4,"MESSAGE":"{\\"BATT\\":99,\\"BATT_VOLT\\":\\"OK\\",\\"ALS\\":32811,\\"RF\\":224,\\"WL_STATE\\":\\"OFF\\",\\"HOST_STATE\\":\\"ON\\",\\"FL_STATE\\":\\"OFF\\",\\"LAS_STATE\\":\\"OFF\\",\\"RF_STATE\\":\\"OFF\\",\\"WIFI\\":\\"UP\\",\\"LED_TEMP\\":\\"OK\\",\\"SYNC\\":\\"SYNC_OFF\\",\\"USB\\":\\"UP\\",\\"CHG\\":\\"NONE\\"}"}	6	2024-03-20 05:55:04	2024-03-20 11:41:02
2721	MLP000000000Ujsc373e/update-confirmation/MLI-update-DT2023050002-2024-03-19-20-21-30.json	fetch license error	{"softwareIsValid":true,"model":"MolecuLightDX","serial":"DT2023050002","licenseCode":"MLP000000000","organization":"MLI","firmware":"00.03.04","software":"B.0.2.998","os":"v3.1.23268","built":"2024-03-19","language":"English","dateFormat":"yyyy-MM-dd","timeFormat":"hh:mm a","syncEmr":"SYNC_EMR_NONE","videoRecordingEnabled":true,"loginFailureAction":1800,"getPatientConsent":false,"automaticDateTimeEnabled":true,"usageTracking":false,"lastUsageExportSuccess":"","usageTrackingAutoExport":false,"isUserWifiConfigurable":false,"softwareUpgradeDate":"2024-03-19T20:21:30.550Z","LED_TEMP":1,"POWERDOWN":6,"AMBIENT":42875,"BATTERY_VOLTAGE":"OK","SYNC":0,"WIFI":4,"MESSAGE":"{\\"BATT\\":75,\\"BATT_VOLT\\":\\"OK\\",\\"ALS\\":42875,\\"RF\\":00,\\"WL_STATE\\":\\"OFF\\",\\"HOST_STATE\\":\\"ON\\",\\"FL_STATE\\":\\"OFF\\",\\"LAS_STATE\\":\\"OFF\\",\\"RF_STATE\\":\\"OFF\\",\\"WIFI\\":\\"UP\\",\\"LED_TEMP\\":\\"OK\\",\\"SYNC\\":\\"SYNC_OFF\\",\\"USB\\":\\"UP\\",\\"CHG\\":\\"NONE\\"}"}	6	2024-03-20 05:55:04	2024-03-20 11:41:03
2722	MLP000000000Ujsc373e/update-confirmation/MLI-update-DX2021030005-2024-03-19-14-42-33.json	fetch license error	{"softwareIsValid":true,"model":"MolecuLightDX","serial":"DX2021030005","licenseCode":"MLP000000000","organization":"MLI","firmware":"1.0.4","software":"B.0.2.996","os":"v3.1.21319","built":"2024-03-19","language":"English","dateFormat":"yyyy-MM-dd","timeFormat":"hh:mm a","syncEmr":"SYNC_EMR_NONE","videoRecordingEnabled":true,"loginFailureAction":1800,"getPatientConsent":false,"automaticDateTimeEnabled":true,"usageTracking":false,"lastUsageExportSuccess":"","usageTrackingAutoExport":false,"isUserWifiConfigurable":false,"softwareUpgradeDate":"2024-03-19T14:42:33.142Z","LED_TEMP":1,"POWERDOWN":6,"AMBIENT":65489,"BATTERY_VOLTAGE":"OK","SYNC":0,"WIFI":4,"MESSAGE":"{\\"BATT\\":87,\\"BATT_VOLT\\":\\"OK\\",\\"ALS\\":65489,\\"RF\\":33,\\"WL_STATE\\":\\"OFF\\",\\"FL_STATE\\":\\"OFF\\",\\"LAS_STATE\\":\\"OFF\\",\\"RF_STATE\\":\\"OFF\\",\\"WIFI\\":\\"UP\\",\\"LED_TEMP\\":\\"OK\\",\\"SYNC\\":\\"SYNC_OFF\\",\\"USB\\":\\"UP\\",\\"CHG\\":\\"PC\\"}"}	6	2024-03-20 05:55:04	2024-03-20 11:41:03
2723	MLP000000000Ujsc373e/update-confirmation/MLI-update-DX2021030036-2024-03-19-17-26-03.json	fetch license error	{"softwareIsValid":true,"model":"MolecuLightDX","serial":"DX2021030036","licenseCode":"MLP000000000","organization":"MLI","firmware":"1.0.4","software":"B.0.2.997","os":"v3.1.22206d","built":"2024-03-19","language":"English","dateFormat":"yyyy-MM-dd","timeFormat":"hh:mm a","syncEmr":"SYNC_EMR_NONE","videoRecordingEnabled":true,"loginFailureAction":1800,"getPatientConsent":false,"automaticDateTimeEnabled":true,"usageTracking":false,"lastUsageExportSuccess":"","usageTrackingAutoExport":false,"isUserWifiConfigurable":false,"softwareUpgradeDate":"2024-03-19T17:26:03.829Z","LED_TEMP":1,"POWERDOWN":6,"AMBIENT":52279,"BATTERY_VOLTAGE":"OK","SYNC":0,"WIFI":4,"MESSAGE":"{\\"BATT\\":71,\\"BATT_VOLT\\":\\"OK\\",\\"ALS\\":52279,\\"RF\\":475,\\"WL_STATE\\":\\"OFF\\",\\"FL_STATE\\":\\"OFF\\",\\"LAS_STATE\\":\\"OFF\\",\\"RF_STATE\\":\\"OFF\\",\\"WIFI\\":\\"UP\\",\\"LED_TEMP\\":\\"OK\\",\\"SYNC\\":\\"SYNC_OFF\\", \\"MOD_PL\\":\\"0\\",\\"USB\\":\\"UP\\",\\"CHG\\":\\"NONE\\"}"}	6	2024-03-20 05:55:05	2024-03-20 11:41:03
2724	MLP000000000Ujsc373e/update-confirmation/MLI-update-DX2022020120-2024-03-19-14-34-40.json	fetch license error	{"softwareIsValid":true,"model":"MolecuLightDX","serial":"DX2022020120","licenseCode":"MLP000000000","organization":"MLI","firmware":"1.0.4","software":"B.0.2.987","os":"v3.1.21319","built":"2024-03-14","language":"English","dateFormat":"yyyy-MM-dd","timeFormat":"hh:mm a","syncEmr":"SYNC_EMR_NONE","videoRecordingEnabled":true,"loginFailureAction":1800,"getPatientConsent":false,"automaticDateTimeEnabled":true,"usageTracking":false,"lastUsageExportSuccess":"","usageTrackingAutoExport":false,"isUserWifiConfigurable":false,"softwareUpgradeDate":"2024-03-19T14:34:40.239Z","LED_TEMP":1,"POWERDOWN":6,"AMBIENT":522,"BATTERY_VOLTAGE":"OK","SYNC":0,"WIFI":4,"MESSAGE":""}	6	2024-03-20 05:55:05	2024-03-20 11:41:04
2725	MLP000000000Ujsc373e/update-confirmation/MLI-update-DX2022030188-2024-03-19-02-14-43.json	fetch license error	{"softwareIsValid":true,"model":"MolecuLightDX","serial":"DX2022030188","licenseCode":"MLP000000000","organization":"MLI","firmware":"1.0.4","software":"B.0.2.996","os":"v3.1.21278d","built":"2024-03-19","language":"English","dateFormat":"yyyy-MM-dd","timeFormat":"hh:mm a","syncEmr":"SYNC_EMR_NONE","videoRecordingEnabled":true,"loginFailureAction":1800,"getPatientConsent":false,"automaticDateTimeEnabled":true,"usageTracking":false,"lastUsageExportSuccess":"","usageTrackingAutoExport":false,"isUserWifiConfigurable":false,"softwareUpgradeDate":"2024-03-19T02:14:43.727Z","LED_TEMP":1,"POWERDOWN":6,"AMBIENT":1779,"BATTERY_VOLTAGE":"OK","SYNC":0,"WIFI":1,"MESSAGE":"{\\"BATT\\":100,\\"BATT_VOLT\\":\\"OK\\",\\"ALS\\":1779,\\"RF\\":101,\\"WL_STATE\\":\\"OFF\\",\\"FL_STATE\\":\\"OFF\\",\\"LAS_STATE\\":\\"OFF\\",\\"RF_STATE\\":\\"OFF\\",\\"WIFI\\":\\"OFF\\",\\"LED_TEMP\\":\\"OK\\",\\"SYNC\\":\\"SYNC_OFF\\",\\"USB\\":\\"UP\\",\\"CHG\\":\\"PC\\"}"}	6	2024-03-20 05:55:05	2024-03-20 11:41:04
2726	MLP001096001UWBm9ae0/update-confirmation/MLI-update-DX2023010227-2024-03-19-21-23-47.json	fetch license error	{"softwareIsValid":true,"model":"MolecuLightDX","serial":"DX2023010227","licenseCode":"MLP001096001","organization":"Total Wound Care","firmware":"1.0.4","software":"B.1.2.170","os":"v3.1.21319","built":"2024-03-01","language":"English","dateFormat":"MM\\/dd\\/yyyy","timeFormat":"hh:mm a","syncEmr":"SYNC_EMR_NET_HEALTH","videoRecordingEnabled":false,"loginFailureAction":1800,"getPatientConsent":false,"automaticDateTimeEnabled":true,"usageTracking":true,"lastUsageExportSuccess":"","usageTrackingAutoExport":false,"isUserWifiConfigurable":true,"softwareUpgradeDate":"2024-03-19T21:23:47.038Z","LED_TEMP":1,"POWERDOWN":6,"AMBIENT":0,"BATTERY_VOLTAGE":"OK","SYNC":0,"WIFI":4,"MESSAGE":""}	6	2024-03-20 05:55:06	2024-03-20 11:41:05
2727	MLP000000000Ujsc373e/update-confirmation/MLI-update-DX2021030012-2024-03-20-15-53-49.json	fetch license error	{"softwareIsValid":true,"model":"MolecuLightDX","serial":"DX2021030012","licenseCode":"MLP000000000","organization":"MolecuLight","firmware":"1.0.4","software":"B.1.2.178","os":"v3.1.21278d","built":"2024-03-20","language":"English","dateFormat":"yyyy-MM-dd","timeFormat":"hh:mm a","syncEmr":"SYNC_EMR_WOUND_ZOOM","videoRecordingEnabled":false,"loginFailureAction":1800,"getPatientConsent":false,"automaticDateTimeEnabled":true,"usageTracking":true,"lastUsageExportSuccess":"","usageTrackingAutoExport":false,"isUserWifiConfigurable":false,"softwareUpgradeDate":"2024-03-20T15:53:49.214Z","LED_TEMP":1,"POWERDOWN":6,"AMBIENT":0,"BATTERY_VOLTAGE":"OK","SYNC":2,"WIFI":4,"MESSAGE":"{\\"BATT\\":96,\\"BATT_VOLT\\":\\"OK\\",\\"ALS\\":00,\\"RF\\":22,\\"WL_STATE\\":\\"OFF\\",\\"FL_STATE\\":\\"OFF\\",\\"LAS_STATE\\":\\"OFF\\",\\"RF_STATE\\":\\"OFF\\",\\"WIFI\\":\\"UP\\",\\"LED_TEMP\\":\\"OK\\",\\"SYNC\\":\\"SYNC_IDLE\\",\\"USB\\":\\"UP\\",\\"CHG\\":\\"PC\\"}"}	6	2024-03-21 05:55:03	2024-03-21 11:41:02
2728	MLP000001000Te1u4b4d/update-confirmation/MLI-update-DX2023120301-2024-01-15-09-07-48.json	fetch license error	{"softwareIsValid":true,"model":"MolecuLightDX","serial":"DX2023120301","licenseCode":"","organization":"","firmware":"1.0.4","software":"B.1.2.82","os":"v3.1.21319","built":"2023-04-14","language":"en-us","dateFormat":"yyyy-MM-dd","timeFormat":"HH:mm","syncEmr":"SYNC_EMR_NONE","videoRecordingEnabled":true,"loginFailureAction":1800,"getPatientConsent":false,"automaticDateTimeEnabled":true,"usageTracking":false,"lastUsageExportSuccess":"","usageTrackingAutoExport":false,"isUserWifiConfigurable":false,"softwareUpgradeDate":"2024-01-15T09:07:48.773Z"}	6	2024-03-21 05:55:04	2024-03-21 11:41:03
2729	MLP000001000Te1u4b4d/update-confirmation/MLI-update-DX2023120301-2024-03-20-19-20-32.json	fetch license error	{"softwareIsValid":true,"model":"MolecuLightDX","serial":"DX2023120301","licenseCode":"MLP000001000","organization":"MLI","firmware":"1.0.4","software":"B.1.2.112","os":"v3.1.21319","built":"2023-10-17","language":"English","dateFormat":"MM\\/dd\\/yyyy","timeFormat":"hh:mm a","syncEmr":"SYNC_EMR_NONE","videoRecordingEnabled":true,"loginFailureAction":1800,"getPatientConsent":false,"automaticDateTimeEnabled":true,"usageTracking":true,"lastUsageExportSuccess":"","usageTrackingAutoExport":false,"isUserWifiConfigurable":true,"softwareUpgradeDate":"2024-03-20T19:20:32.087Z","LED_TEMP":1,"POWERDOWN":6,"AMBIENT":19587,"BATTERY_VOLTAGE":"OK","SYNC":0,"WIFI":4,"MESSAGE":""}	6	2024-03-21 05:55:04	2024-03-21 11:41:03
2730	MLP000001000Te1u4b4d/update-confirmation/MLI-update-DX2023120302-2024-01-15-09-08-18.json	fetch license error	{"softwareIsValid":true,"model":"MolecuLightDX","serial":"DX2023120302","licenseCode":"","organization":"","firmware":"1.0.4","software":"B.1.2.82","os":"v3.1.21319","built":"2023-04-14","language":"en-us","dateFormat":"yyyy-MM-dd","timeFormat":"HH:mm","syncEmr":"SYNC_EMR_NONE","videoRecordingEnabled":true,"loginFailureAction":1800,"getPatientConsent":false,"automaticDateTimeEnabled":true,"usageTracking":false,"lastUsageExportSuccess":"","usageTrackingAutoExport":false,"isUserWifiConfigurable":false,"softwareUpgradeDate":"2024-01-15T09:08:18.194Z"}	6	2024-03-21 05:55:04	2024-03-21 11:41:03
2731	MLP000001000Te1u4b4d/update-confirmation/MLI-update-DX2023120302-2024-03-20-18-32-09.json	fetch license error	{"softwareIsValid":true,"model":"MolecuLightDX","serial":"DX2023120302","licenseCode":"MLP000001000","organization":"MLI","firmware":"1.0.4","software":"B.1.2.112","os":"v3.1.21319","built":"2023-10-17","language":"English","dateFormat":"MM\\/dd\\/yyyy","timeFormat":"hh:mm a","syncEmr":"SYNC_EMR_NONE","videoRecordingEnabled":true,"loginFailureAction":1800,"getPatientConsent":false,"automaticDateTimeEnabled":true,"usageTracking":true,"lastUsageExportSuccess":"","usageTrackingAutoExport":false,"isUserWifiConfigurable":true,"softwareUpgradeDate":"2024-03-20T18:32:09.928Z","LED_TEMP":1,"POWERDOWN":6,"AMBIENT":18776,"BATTERY_VOLTAGE":"OK","SYNC":0,"WIFI":4,"MESSAGE":""}	6	2024-03-21 05:55:05	2024-03-21 11:41:04
2732	MLP0010010016MKw8bfe/update-confirmation/MLI-update-DX2021030023-2024-03-20-16-10-43.json	fetch license error	{"softwareIsValid":true,"model":"MolecuLightDX","serial":"DX2021030023","licenseCode":"MLP001001001","organization":"Moleculight","firmware":"1.0.4","software":"B.1.2.178","os":"v3.1.21319","built":"2024-03-20","language":"English","dateFormat":"yyyy-MM-dd","timeFormat":"hh:mm a","syncEmr":"SYNC_EMR_WOUND_ZOOM","videoRecordingEnabled":false,"loginFailureAction":1800,"getPatientConsent":false,"automaticDateTimeEnabled":true,"usageTracking":false,"lastUsageExportSuccess":"","usageTrackingAutoExport":false,"isUserWifiConfigurable":true,"softwareUpgradeDate":"2024-03-20T16:10:43.826Z","LED_TEMP":1,"POWERDOWN":6,"AMBIENT":46,"BATTERY_VOLTAGE":"OK","SYNC":2,"WIFI":4,"MESSAGE":"{\\"BATT\\":92,\\"BATT_VOLT\\":\\"OK\\",\\"ALS\\":46,\\"RF\\":16,\\"WL_STATE\\":\\"OFF\\",\\"FL_STATE\\":\\"OFF\\",\\"LAS_STATE\\":\\"OFF\\",\\"RF_STATE\\":\\"OFF\\",\\"WIFI\\":\\"UP\\",\\"LED_TEMP\\":\\"OK\\",\\"SYNC\\":\\"SYNC_IDLE\\",\\"USB\\":\\"UP\\",\\"CHG\\":\\"NONE\\"}"}	6	2024-03-21 05:55:05	2024-03-21 11:41:04
2733	MLP001096001UWBm9ae0/update-confirmation/MLI-update-DX2023010276-2024-03-20-19-51-54.json	fetch license error	{"softwareIsValid":true,"model":"MolecuLightDX","serial":"DX2023010276","licenseCode":"MLP001096001","organization":"Total Wound Care","firmware":"1.0.4","software":"B.1.2.170","os":"v3.1.21319","built":"2024-03-01","language":"English","dateFormat":"MM\\/dd\\/yyyy","timeFormat":"hh:mm a","syncEmr":"SYNC_EMR_NET_HEALTH","videoRecordingEnabled":false,"loginFailureAction":1800,"getPatientConsent":false,"automaticDateTimeEnabled":true,"usageTracking":false,"lastUsageExportSuccess":"","usageTrackingAutoExport":false,"isUserWifiConfigurable":true,"softwareUpgradeDate":"2024-03-20T19:51:54.090Z","LED_TEMP":1,"POWERDOWN":6,"AMBIENT":0,"BATTERY_VOLTAGE":"OK","SYNC":0,"WIFI":4,"MESSAGE":""}	6	2024-03-21 05:55:06	2024-03-21 11:41:04
2734	MLP001099001oXg68c47/update-confirmation/MLI-update-DX2023110292-2023-11-23-14-48-06.json	fetch license error	{"softwareIsValid":true,"model":"MolecuLightDX","serial":"DX2023110292","licenseCode":"","organization":"","firmware":"1.0.4","software":"B.1.2.82","os":"v3.1.21319","built":"2023-04-14","language":"en-us","dateFormat":"yyyy-MM-dd","timeFormat":"HH:mm","syncEmr":"SYNC_EMR_NONE","videoRecordingEnabled":true,"loginFailureAction":1800,"getPatientConsent":false,"automaticDateTimeEnabled":true,"usageTracking":false,"lastUsageExportSuccess":"","usageTrackingAutoExport":false,"isUserWifiConfigurable":false,"softwareUpgradeDate":"2023-11-23T14:48:06.077Z"}	6	2024-03-21 05:55:06	2024-03-21 11:41:05
2735	MLP001099001oXg68c47/update-confirmation/MLI-update-DX2023110292-2024-03-20-08-15-02.json	fetch license error	{"softwareIsValid":true,"model":"MolecuLightDX","serial":"DX2023110292","licenseCode":"MLP001099001","organization":"Dynamic Wound Care","firmware":"1.0.4","software":"B.1.2.112","os":"v3.1.21319","built":"2023-10-17","language":"English","dateFormat":"MM\\/dd\\/yyyy","timeFormat":"hh:mm a","syncEmr":"SYNC_EMR_NONE","videoRecordingEnabled":true,"loginFailureAction":1800,"getPatientConsent":false,"automaticDateTimeEnabled":true,"usageTracking":false,"lastUsageExportSuccess":"","usageTrackingAutoExport":false,"isUserWifiConfigurable":false,"softwareUpgradeDate":"2024-03-20T08:15:02.620Z","LED_TEMP":1,"POWERDOWN":6,"AMBIENT":0,"BATTERY_VOLTAGE":"OK","SYNC":0,"WIFI":4,"MESSAGE":""}	6	2024-03-21 05:55:06	2024-03-21 11:41:05
2736	MLP000000000Ujsc373e/update-confirmation/MLI-update-DT2023030003-2024-03-21-17-39-33.json	fetch license error	{"softwareIsValid":true,"model":"MolecuLightDX","serial":"DT2023030003","licenseCode":"MLP000000000","organization":"MLI","firmware":"00.03.04","software":"B.0.3.7","os":"v3.1.23268","built":"2024-03-21","language":"English","dateFormat":"yyyy-MM-dd","timeFormat":"hh:mm a","syncEmr":"SYNC_EMR_NONE","videoRecordingEnabled":true,"loginFailureAction":1800,"getPatientConsent":false,"automaticDateTimeEnabled":true,"usageTracking":false,"lastUsageExportSuccess":"","usageTrackingAutoExport":false,"isUserWifiConfigurable":false,"softwareUpgradeDate":"2024-03-21T17:39:33.793Z","LED_TEMP":1,"POWERDOWN":6,"AMBIENT":993,"BATTERY_VOLTAGE":"OK","SYNC":0,"WIFI":4,"MESSAGE":"{\\"BATT\\":57,\\"BATT_VOLT\\":\\"OK\\",\\"ALS\\":993,\\"RF\\":00,\\"WL_STATE\\":\\"OFF\\",\\"HOST_STATE\\":\\"OFF\\",\\"FL_STATE\\":\\"OFF\\",\\"LAS_STATE\\":\\"OFF\\",\\"RF_STATE\\":\\"OFF\\",\\"WIFI\\":\\"UP\\",\\"LED_TEMP\\":\\"OK\\",\\"SYNC\\":\\"SYNC_OFF\\",\\"USB\\":\\"UP\\",\\"CHG\\":\\"NONE\\"}"}	6	2024-03-22 05:55:03	2024-03-22 11:41:02
2737	MLP000000000Ujsc373e/update-confirmation/MLI-update-DX2021030003-2024-03-21-14-41-04.json	fetch license error	{"softwareIsValid":true,"model":"MolecuLightDX","serial":"DX2021030003","licenseCode":"MLP000000000","organization":"MLI","firmware":"00.03.04","software":"B.0.2.998","os":"v3.1.23268","built":"2024-03-19","language":"English","dateFormat":"yyyy-MM-dd","timeFormat":"hh:mm a","syncEmr":"SYNC_EMR_NONE","videoRecordingEnabled":true,"loginFailureAction":1800,"getPatientConsent":false,"automaticDateTimeEnabled":true,"usageTracking":false,"lastUsageExportSuccess":"","usageTrackingAutoExport":false,"isUserWifiConfigurable":false,"softwareUpgradeDate":"2024-03-21T14:41:04.270Z","LED_TEMP":1,"POWERDOWN":6,"AMBIENT":14985,"BATTERY_VOLTAGE":"OK","SYNC":0,"WIFI":4,"MESSAGE":"{\\"BATT\\":59,\\"BATT_VOLT\\":\\"OK\\",\\"ALS\\":14985,\\"RF\\":00,\\"WL_STATE\\":\\"OFF\\",\\"HOST_STATE\\":\\"ON\\",\\"FL_STATE\\":\\"OFF\\",\\"LAS_STATE\\":\\"OFF\\",\\"RF_STATE\\":\\"OFF\\",\\"WIFI\\":\\"UP\\",\\"LED_TEMP\\":\\"OK\\",\\"SYNC\\":\\"SYNC_OFF\\",\\"USB\\":\\"UP\\",\\"CHG\\":\\"NONE\\"}"}	6	2024-03-22 05:55:03	2024-03-22 11:41:03
2738	MLP000000000Ujsc373e/update-confirmation/MLI-update-DX2021030003-2024-03-21-17-06-43.json	fetch license error	{"softwareIsValid":true,"model":"MolecuLightDX","serial":"DX2021030003","licenseCode":"MLP000000000","organization":"MLI","firmware":"00.03.04","software":"B.0.3.7","os":"v3.1.23268","built":"2024-03-21","language":"English","dateFormat":"yyyy-MM-dd","timeFormat":"hh:mm a","syncEmr":"SYNC_EMR_NONE","videoRecordingEnabled":true,"loginFailureAction":1800,"getPatientConsent":false,"automaticDateTimeEnabled":true,"usageTracking":false,"lastUsageExportSuccess":"","usageTrackingAutoExport":false,"isUserWifiConfigurable":false,"softwareUpgradeDate":"2024-03-21T17:06:43.669Z","LED_TEMP":1,"POWERDOWN":6,"AMBIENT":19819,"BATTERY_VOLTAGE":"OK","SYNC":0,"WIFI":4,"MESSAGE":"{\\"BATT\\":57,\\"BATT_VOLT\\":\\"OK\\",\\"ALS\\":19819,\\"RF\\":00,\\"WL_STATE\\":\\"OFF\\",\\"HOST_STATE\\":\\"OFF\\",\\"FL_STATE\\":\\"OFF\\",\\"LAS_STATE\\":\\"OFF\\",\\"RF_STATE\\":\\"OFF\\",\\"WIFI\\":\\"UP\\",\\"LED_TEMP\\":\\"OK\\",\\"SYNC\\":\\"SYNC_OFF\\",\\"USB\\":\\"UP\\",\\"CHG\\":\\"NONE\\"}"}	6	2024-03-22 05:55:04	2024-03-22 11:41:03
2739	MLP000000000Ujsc373e/update-confirmation/MLI-update-DX2022030188-2024-03-21-16-15-25.json	fetch license error	{"softwareIsValid":true,"model":"MolecuLightDX","serial":"DX2022030188","licenseCode":"MLP000000000","organization":"MLI","firmware":"1.0.4","software":"B.0.3.4","os":"v3.1.21278d","built":"2024-03-21","language":"English","dateFormat":"yyyy-MM-dd","timeFormat":"hh:mm a","syncEmr":"SYNC_EMR_NONE","videoRecordingEnabled":true,"loginFailureAction":1800,"getPatientConsent":false,"automaticDateTimeEnabled":true,"usageTracking":false,"lastUsageExportSuccess":"","usageTrackingAutoExport":false,"isUserWifiConfigurable":false,"softwareUpgradeDate":"2024-03-21T16:15:25.540Z","LED_TEMP":1,"POWERDOWN":6,"AMBIENT":37061,"BATTERY_VOLTAGE":"OK","SYNC":0,"WIFI":4,"MESSAGE":"{\\"BATT\\":100,\\"BATT_VOLT\\":\\"OK\\",\\"ALS\\":37061,\\"RF\\":156,\\"WL_STATE\\":\\"OFF\\",\\"FL_STATE\\":\\"OFF\\",\\"LAS_STATE\\":\\"OFF\\",\\"RF_STATE\\":\\"OFF\\",\\"WIFI\\":\\"UP\\",\\"LED_TEMP\\":\\"OK\\",\\"SYNC\\":\\"SYNC_OFF\\",\\"USB\\":\\"UP\\",\\"CHG\\":\\"PC\\"}"}	6	2024-03-22 05:55:04	2024-03-22 11:41:03
2740	MLP001096001UWBm9ae0/update-confirmation/MLI-update-DX2023010279-2024-03-21-20-53-46.json	fetch license error	{"softwareIsValid":true,"model":"MolecuLightDX","serial":"DX2023010279","licenseCode":"MLP001096001","organization":"Total Wound Care","firmware":"1.0.4","software":"B.1.2.170","os":"v3.1.21319","built":"2024-03-01","language":"English","dateFormat":"MM\\/dd\\/yyyy","timeFormat":"hh:mm a","syncEmr":"SYNC_EMR_NET_HEALTH","videoRecordingEnabled":false,"loginFailureAction":1800,"getPatientConsent":false,"automaticDateTimeEnabled":true,"usageTracking":false,"lastUsageExportSuccess":"","usageTrackingAutoExport":false,"isUserWifiConfigurable":true,"softwareUpgradeDate":"2024-03-21T20:53:46.339Z","LED_TEMP":1,"POWERDOWN":6,"AMBIENT":0,"BATTERY_VOLTAGE":"OK","SYNC":0,"WIFI":4,"MESSAGE":""}	6	2024-03-22 05:55:05	2024-03-22 11:41:04
2741	MLP000000000Ujsc373e/update-confirmation/MLI-update-DX2021030020-2024-03-19-16-02-24.json	fetch license error	{"softwareIsValid":true,"model":"MolecuLightDX","serial":"DX2021030020","licenseCode":"","organization":"","firmware":"1.0.4","software":"B.1.2.82","os":"v3.1.22206d","built":"2023-04-14","language":"en-us","dateFormat":"yyyy-MM-dd","timeFormat":"HH:mm","syncEmr":"SYNC_EMR_NONE","videoRecordingEnabled":true,"loginFailureAction":1800,"getPatientConsent":false,"automaticDateTimeEnabled":true,"usageTracking":false,"lastUsageExportSuccess":"","usageTrackingAutoExport":false,"isUserWifiConfigurable":false,"softwareUpgradeDate":"2024-03-19T16:02:24.663Z"}	6	2024-03-23 05:55:03	2024-03-23 11:41:02
2742	MLP000000000Ujsc373e/update-confirmation/MLI-update-DX2021030020-2024-03-19-16-44-39.json	fetch license error	{"softwareIsValid":true,"model":"MolecuLightDX","serial":"DX2021030020","licenseCode":"MLP000000000","organization":"MLI","firmware":"1.0.4","software":"B.0.2.997","os":"v3.1.22206d","built":"2024-03-19","language":"English","dateFormat":"yyyy-MM-dd","timeFormat":"hh:mm a","syncEmr":"SYNC_EMR_NONE","videoRecordingEnabled":true,"loginFailureAction":1800,"getPatientConsent":false,"automaticDateTimeEnabled":true,"usageTracking":false,"lastUsageExportSuccess":"","usageTrackingAutoExport":false,"isUserWifiConfigurable":false,"softwareUpgradeDate":"2024-03-19T16:44:39.355Z","LED_TEMP":1,"POWERDOWN":6,"AMBIENT":52607,"BATTERY_VOLTAGE":"OK","SYNC":0,"WIFI":1,"MESSAGE":"{\\"BATT\\":98,\\"BATT_VOLT\\":\\"OK\\",\\"ALS\\":52607,\\"RF\\":293,\\"WL_STATE\\":\\"OFF\\",\\"FL_STATE\\":\\"OFF\\",\\"LAS_STATE\\":\\"OFF\\",\\"RF_STATE\\":\\"OFF\\",\\"WIFI\\":\\"OFF\\",\\"LED_TEMP\\":\\"OK\\",\\"SYNC\\":\\"SYNC_OFF\\", \\"MOD_PL\\":\\"0\\",\\"USB\\":\\"UP\\",\\"CHG\\":\\"NONE\\"}"}	6	2024-03-23 05:55:04	2024-03-23 11:41:02
3685	MLP001092001u2tf4a38/update-confirmation/MLI-update-DX2023010260-2023-08-01-12-05-40.json	fetch license error	{"softwareIsValid":true,"model":"MolecuLightDX","serial":"DX2023010260","licenseCode":"","organization":"","firmware":"1.0.4","software":"B.1.2.82","os":"v3.1.21319","built":"2023-04-14","language":"en-us","dateFormat":"yyyy-MM-dd","timeFormat":"HH:mm","syncEmr":"SYNC_EMR_NONE","videoRecordingEnabled":true,"loginFailureAction":1800,"getPatientConsent":false,"automaticDateTimeEnabled":true,"usageTracking":false,"lastUsageExportSuccess":"","usageTrackingAutoExport":false,"isUserWifiConfigurable":false,"softwareUpgradeDate":"2023-08-01T12:05:40.098Z"}	6	2024-09-04 12:21:42	2024-09-04 17:41:01
3686	MLP001092001u2tf4a38/update-confirmation/MLI-update-DX2023010260-2024-09-04-17-30-31.json	fetch license error	{"softwareIsValid":true,"model":"MolecuLightDX","serial":"DX2023010260","licenseCode":"MLP001092001","organization":"Lancaster County Podiatry","firmware":"1.0.4","software":"B.1.2.222","os":"v3.1.21319","built":"2024-08-13","language":"English","dateFormat":"MM\\/dd\\/yyyy","timeFormat":"hh:mm a","syncEmr":"SYNC_EMR_NONE","videoRecordingEnabled":true,"loginFailureAction":1800,"getPatientConsent":false,"automaticDateTimeEnabled":true,"usageTracking":true,"lastUsageExportSuccess":"","usageTrackingAutoExport":false,"isUserWifiConfigurable":false,"softwareUpgradeDate":"2024-09-04T17:30:31.608Z","LED_TEMP":1,"POWERDOWN":6,"AMBIENT":705,"BATTERY_VOLTAGE":"OK","SYNC":0,"WIFI":4,"MESSAGE":""}	6	2024-09-04 12:30:35	2024-09-04 17:41:01
4022	MLP0011260010KPN1f58/update-confirmation/MLI-update-DX2024020347-2024-10-08-12-56-28.json	fetch license error	{"softwareIsValid":true,"model":"MolecuLightDX","serial":"DX2024020347","licenseCode":"MLP001126001","organization":"Vohra","firmware":"1.0.4","software":"B.1.2.242","os":"v3.1.21319","built":"2024-09-27","language":"English","dateFormat":"MM\\/dd\\/yyyy","timeFormat":"hh:mm a","syncEmr":"SYNC_EMR_NONE","videoRecordingEnabled":true,"loginFailureAction":1800,"getPatientConsent":false,"automaticDateTimeEnabled":true,"usageTracking":true,"lastUsageExportSuccess":"","usageTrackingAutoExport":false,"isUserWifiConfigurable":true,"softwareUpgradeDate":"2024-10-08T12:56:28.948Z","LED_TEMP":1,"POWERDOWN":6,"AMBIENT":13194,"BATTERY_VOLTAGE":"OK","SYNC":0,"WIFI":4,"MESSAGE":""}	6	2024-10-08 07:56:32	2024-10-08 13:41:02
4195	MLP0011260010KPN1f58/update-confirmation/MLI-update-DX2024020349-2024-10-15-14-14-10.json	fetch license error	{"softwareIsValid":true,"model":"MolecuLightDX","serial":"DX2024020349","licenseCode":"MLP001126001","organization":"MLI","firmware":"1.0.4","software":"B.1.2.255","os":"v3.1.21319","built":"2024-10-15","language":"English","dateFormat":"MM\\/dd\\/yyyy","timeFormat":"hh:mm a","syncEmr":"SYNC_EMR_NONE","videoRecordingEnabled":true,"loginFailureAction":1800,"getPatientConsent":false,"automaticDateTimeEnabled":true,"usageTracking":true,"lastUsageExportSuccess":"","usageTrackingAutoExport":false,"isUserWifiConfigurable":false,"softwareUpgradeDate":"2024-10-15T14:14:10.263Z","LED_TEMP":1,"POWERDOWN":6,"AMBIENT":4040,"BATTERY_VOLTAGE":"OK","SYNC":0,"WIFI":1,"MESSAGE":""}	6	2024-10-16 06:56:02	2024-10-16 12:41:02
4647	MLP0011260010KPN1f58/update-confirmation/MLI-update-DX2024080516-2024-10-31-10-52-03.json	fetch license error	{"softwareIsValid":true,"model":"MolecuLightDX","serial":"DX2024080516","licenseCode":"MLP001126001","organization":"Vohra","firmware":"1.0.4","software":"B.1.2.256","os":"v3.1.21319","built":"2024-10-16","language":"English","dateFormat":"dd\\/MM\\/yyyy","timeFormat":"hh:mm a","syncEmr":"SYNC_EMR_NONE","videoRecordingEnabled":true,"loginFailureAction":1800,"getPatientConsent":false,"automaticDateTimeEnabled":true,"usageTracking":false,"lastUsageExportSuccess":"","usageTrackingAutoExport":false,"isUserWifiConfigurable":false,"softwareUpgradeDate":"2024-10-31T10:52:03.138Z","LED_TEMP":1,"POWERDOWN":6,"AMBIENT":0,"BATTERY_VOLTAGE":"OK","SYNC":0,"WIFI":4,"MESSAGE":""}	6	2024-10-31 09:53:21	2024-10-31 15:41:02
4648	MLP0011260010KPN1f58/update-confirmation/MLI-update-DX2024080516-2024-10-31-10-45-14.json	fetch license error	{"softwareIsValid":true,"model":"MolecuLightDX","serial":"DX2024080516","licenseCode":"MLP001126001","organization":"Vohra","firmware":"1.0.4","software":"B.1.2.222","os":"v3.1.21319","built":"2024-08-13","language":"English","dateFormat":"dd\\/MM\\/yyyy","timeFormat":"hh:mm a","syncEmr":"SYNC_EMR_NONE","videoRecordingEnabled":true,"loginFailureAction":1800,"getPatientConsent":false,"automaticDateTimeEnabled":true,"usageTracking":false,"lastUsageExportSuccess":"","usageTrackingAutoExport":false,"isUserWifiConfigurable":false,"softwareUpgradeDate":"2024-10-31T10:45:14.232Z","LED_TEMP":1,"POWERDOWN":6,"AMBIENT":1847,"BATTERY_VOLTAGE":"OK","SYNC":0,"WIFI":1,"MESSAGE":""}	6	2024-10-31 09:53:21	2024-10-31 15:41:02
4649	MLP0011260010KPN1f58/update-confirmation/MLI-update-DX2024020348-2024-10-31-10-51-59.json	fetch license error	{"softwareIsValid":true,"model":"MolecuLightDX","serial":"DX2024020348","licenseCode":"MLP001126001","organization":"Vohra","firmware":"1.0.4","software":"B.1.2.256","os":"v3.1.21319","built":"2024-10-16","language":"English","dateFormat":"MM\\/dd\\/yyyy","timeFormat":"hh:mm a","syncEmr":"SYNC_EMR_NONE","videoRecordingEnabled":true,"loginFailureAction":1800,"getPatientConsent":false,"automaticDateTimeEnabled":true,"usageTracking":true,"lastUsageExportSuccess":"","usageTrackingAutoExport":false,"isUserWifiConfigurable":true,"softwareUpgradeDate":"2024-10-31T10:51:59.213Z","LED_TEMP":1,"POWERDOWN":6,"AMBIENT":0,"BATTERY_VOLTAGE":"OK","SYNC":0,"WIFI":4,"MESSAGE":""}	6	2024-10-31 09:54:13	2024-10-31 15:41:02
4656	MLP0011260010KPN1f58/update-confirmation/MLI-update-DX2024080515-2024-10-31-11-17-00.json	fetch license error	{"softwareIsValid":true,"model":"MolecuLightDX","serial":"DX2024080515","licenseCode":"MLP001126001","organization":"Vohra","firmware":"1.0.4","software":"B.1.2.256","os":"v3.1.21319","built":"2024-10-16","language":"English","dateFormat":"MM\\/dd\\/yyyy","timeFormat":"hh:mm a","syncEmr":"SYNC_EMR_NONE","videoRecordingEnabled":true,"loginFailureAction":1800,"getPatientConsent":false,"automaticDateTimeEnabled":true,"usageTracking":false,"lastUsageExportSuccess":"","usageTrackingAutoExport":false,"isUserWifiConfigurable":false,"softwareUpgradeDate":"2024-10-31T11:17:00.960Z","LED_TEMP":1,"POWERDOWN":6,"AMBIENT":0,"BATTERY_VOLTAGE":"OK","SYNC":0,"WIFI":4,"MESSAGE":""}	6	2024-10-31 10:17:06	2024-10-31 15:41:02
7458	MLP0011260010KPN1f58/update-confirmation/MLI-update-DX2024080551-2024-12-11-07-22-47.json	fetch license error	{"softwareIsValid":true,"model":"MolecuLightDX","serial":"DX2024080551","licenseCode":"MLP001126001","organization":"Vohra","firmware":"1.0.4","software":"B.1.2.256","os":"v3.1.21319","built":"2024-10-16","language":"English","dateFormat":"MM\\/dd\\/yyyy","timeFormat":"hh:mm a","syncEmr":"SYNC_EMR_NONE","videoRecordingEnabled":true,"loginFailureAction":1800,"getPatientConsent":false,"automaticDateTimeEnabled":true,"usageTracking":true,"lastUsageExportSuccess":"","usageTrackingAutoExport":false,"isUserWifiConfigurable":false,"softwareUpgradeDate":"2024-12-11T07:22:47.680Z","LED_TEMP":1,"POWERDOWN":6,"AMBIENT":0,"BATTERY_VOLTAGE":"OK","SYNC":2,"WIFI":4,"MESSAGE":""}	6	2024-12-11 07:23:50	2024-12-11 12:41:02
7471	MLP0011260010KPN1f58/update-confirmation/MLI-update-DX2024080552-2024-12-11-15-25-24.json	fetch license error	{"softwareIsValid":true,"model":"MolecuLightDX","serial":"DX2024080552","licenseCode":"MLP001126001","organization":"Vohra","firmware":"1.0.4","software":"B.1.2.256","os":"v3.1.21319","built":"2024-10-16","language":"English","dateFormat":"yyyy-MM-dd","timeFormat":"hh:mm a","syncEmr":"SYNC_EMR_NONE","videoRecordingEnabled":true,"loginFailureAction":1800,"getPatientConsent":false,"automaticDateTimeEnabled":true,"usageTracking":false,"lastUsageExportSuccess":"","usageTrackingAutoExport":false,"isUserWifiConfigurable":false,"softwareUpgradeDate":"2024-12-11T15:25:24.848Z","LED_TEMP":1,"POWERDOWN":6,"AMBIENT":334,"BATTERY_VOLTAGE":"OK","SYNC":0,"WIFI":1,"MESSAGE":""}	6	2024-12-11 10:41:29	2024-12-11 16:41:01
7685	MLP0011260010KPN1f58/update-confirmation/MLI-update-DX2024100563-2024-12-13-14-11-27.json	fetch license error	{"softwareIsValid":true,"model":"MolecuLightDX","serial":"DX2024100563","licenseCode":"MLP001126001","organization":"Vohra","firmware":"1.0.4","software":"B.1.2.256","os":"v3.1.21319","built":"2024-10-16","language":"English","dateFormat":"MM\\/dd\\/yyyy","timeFormat":"hh:mm a","syncEmr":"SYNC_EMR_NONE","videoRecordingEnabled":true,"loginFailureAction":1800,"getPatientConsent":false,"automaticDateTimeEnabled":true,"usageTracking":true,"lastUsageExportSuccess":"","usageTrackingAutoExport":false,"isUserWifiConfigurable":false,"softwareUpgradeDate":"2024-12-13T14:11:27.408Z","LED_TEMP":1,"POWERDOWN":6,"AMBIENT":12073,"BATTERY_VOLTAGE":"OK","SYNC":0,"WIFI":4,"MESSAGE":""}	6	2024-12-13 14:12:03	2024-12-13 19:41:01
7690	MLP0011260010KPN1f58/update-confirmation/MLI-update-DX2024100563-2024-12-13-14-18-07.json	fetch license error	{"softwareIsValid":true,"model":"MolecuLightDX","serial":"DX2024100563","licenseCode":"MLP001126001","organization":"Vohra","firmware":"1.0.4","software":"B.1.2.273","os":"v3.1.21319","built":"2024-12-03","language":"English","dateFormat":"MM\\/dd\\/yyyy","timeFormat":"hh:mm a","syncEmr":"SYNC_EMR_NONE","videoRecordingEnabled":true,"loginFailureAction":1800,"getPatientConsent":false,"automaticDateTimeEnabled":true,"usageTracking":true,"lastUsageExportSuccess":"","usageTrackingAutoExport":false,"isUserWifiConfigurable":false,"softwareUpgradeDate":"2024-12-13T14:18:07.479Z","LED_TEMP":1,"POWERDOWN":6,"AMBIENT":4938,"BATTERY_VOLTAGE":"OK","SYNC":0,"WIFI":4,"MESSAGE":""}	6	2024-12-13 14:18:43	2024-12-13 19:41:01
7807	MLP0011260010KPN1f58/update-confirmation/MLI-update-DX2024080530-2024-12-17-11-08-27.json	fetch license error	{"softwareIsValid":true,"model":"MolecuLightDX","serial":"DX2024080530","licenseCode":"MLP001126001","organization":"Vohra","firmware":"1.0.4","software":"B.1.2.256","os":"v3.1.21319","built":"2024-10-16","language":"English","dateFormat":"yyyy-MM-dd","timeFormat":"hh:mm a","syncEmr":"SYNC_EMR_NONE","videoRecordingEnabled":true,"loginFailureAction":1800,"getPatientConsent":false,"automaticDateTimeEnabled":true,"usageTracking":false,"lastUsageExportSuccess":"","usageTrackingAutoExport":false,"isUserWifiConfigurable":false,"softwareUpgradeDate":"2024-12-17T11:08:27.730Z","LED_TEMP":1,"POWERDOWN":6,"AMBIENT":0,"BATTERY_VOLTAGE":"OK","SYNC":2,"WIFI":4,"MESSAGE":""}	6	2024-12-17 10:10:00	2025-01-13 15:41:02
7808	MLP0011260010KPN1f58/update-confirmation/MLI-update-DX2024100557-2024-12-17-15-09-08.json	fetch license error	{"softwareIsValid":true,"model":"MolecuLightDX","serial":"DX2024100557","licenseCode":"MLP001126001","organization":"Vohra","firmware":"1.0.4","software":"B.1.2.273","os":"v3.1.21319","built":"2024-12-03","language":"English","dateFormat":"MM\\/dd\\/yyyy","timeFormat":"hh:mm a","syncEmr":"SYNC_EMR_NONE","videoRecordingEnabled":true,"loginFailureAction":1800,"getPatientConsent":false,"automaticDateTimeEnabled":true,"usageTracking":true,"lastUsageExportSuccess":"","usageTrackingAutoExport":false,"isUserWifiConfigurable":false,"softwareUpgradeDate":"2024-12-17T15:09:08.450Z","LED_TEMP":1,"POWERDOWN":6,"AMBIENT":0,"BATTERY_VOLTAGE":"OK","SYNC":0,"WIFI":4,"MESSAGE":""}	6	2024-12-17 10:10:19	2025-01-13 15:41:03
7811	MLP0011260010KPN1f58/update-confirmation/MLI-update-DX2024080530-2024-12-17-11-17-09.json	fetch license error	{"softwareIsValid":true,"model":"MolecuLightDX","serial":"DX2024080530","licenseCode":"MLP001126001","organization":"Vohra","firmware":"1.0.4","software":"B.1.2.273","os":"v3.1.21319","built":"2024-12-03","language":"English","dateFormat":"yyyy-MM-dd","timeFormat":"hh:mm a","syncEmr":"SYNC_EMR_NONE","videoRecordingEnabled":true,"loginFailureAction":1800,"getPatientConsent":false,"automaticDateTimeEnabled":true,"usageTracking":false,"lastUsageExportSuccess":"","usageTrackingAutoExport":false,"isUserWifiConfigurable":false,"softwareUpgradeDate":"2024-12-17T11:17:09.366Z","LED_TEMP":1,"POWERDOWN":6,"AMBIENT":0,"BATTERY_VOLTAGE":"OK","SYNC":0,"WIFI":4,"MESSAGE":""}	6	2024-12-17 10:18:43	2025-01-13 15:41:03
7893	MLP0011260010KPN1f58/update-confirmation/MLI-update-DX2024080531-2024-12-18-12-25-39.json	fetch license error	{"softwareIsValid":true,"model":"MolecuLightDX","serial":"DX2024080531","licenseCode":"MLP001126001","organization":"Vohra","firmware":"1.0.4","software":"B.1.2.256","os":"v3.1.21319","built":"2024-10-16","language":"English","dateFormat":"MM\\/dd\\/yyyy","timeFormat":"hh:mm a","syncEmr":"SYNC_EMR_NONE","videoRecordingEnabled":true,"loginFailureAction":1800,"getPatientConsent":false,"automaticDateTimeEnabled":true,"usageTracking":true,"lastUsageExportSuccess":"","usageTrackingAutoExport":false,"isUserWifiConfigurable":false,"softwareUpgradeDate":"2024-12-18T12:25:39.251Z","LED_TEMP":1,"POWERDOWN":6,"AMBIENT":15911,"BATTERY_VOLTAGE":"OK","SYNC":5,"WIFI":4,"MESSAGE":""}	6	2024-12-18 07:26:10	2025-01-13 15:41:03
7969	MLP0011260010KPN1f58/update-confirmation/MLI-update-DX2024100556-2024-12-19-15-12-28.json	fetch license error	{"softwareIsValid":true,"model":"MolecuLightDX","serial":"DX2024100556","licenseCode":"MLP001126001","organization":"Vohra","firmware":"1.0.4","software":"B.1.2.273","os":"v3.1.21319","built":"2024-12-03","language":"English","dateFormat":"MM\\/dd\\/yyyy","timeFormat":"hh:mm a","syncEmr":"SYNC_EMR_NONE","videoRecordingEnabled":true,"loginFailureAction":1800,"getPatientConsent":false,"automaticDateTimeEnabled":true,"usageTracking":true,"lastUsageExportSuccess":"","usageTrackingAutoExport":false,"isUserWifiConfigurable":false,"softwareUpgradeDate":"2024-12-19T15:12:28.766Z","LED_TEMP":1,"POWERDOWN":6,"AMBIENT":2473,"BATTERY_VOLTAGE":"OK","SYNC":0,"WIFI":4,"MESSAGE":""}	6	2024-12-19 10:13:12	2025-01-13 15:41:03
7973	MLP0011260010KPN1f58/update-confirmation/MLI-update-DX2024080526-2024-12-19-11-30-49.json	fetch license error	{"softwareIsValid":true,"model":"MolecuLightDX","serial":"DX2024080526","licenseCode":"MLP001126001","organization":"Vohra","firmware":"1.0.4","software":"B.1.2.273","os":"v3.1.21319","built":"2024-12-03","language":"English","dateFormat":"MM\\/dd\\/yyyy","timeFormat":"hh:mm a","syncEmr":"SYNC_EMR_NONE","videoRecordingEnabled":true,"loginFailureAction":1800,"getPatientConsent":false,"automaticDateTimeEnabled":true,"usageTracking":true,"lastUsageExportSuccess":"","usageTrackingAutoExport":false,"isUserWifiConfigurable":true,"softwareUpgradeDate":"2024-12-19T11:30:49.027Z","LED_TEMP":1,"POWERDOWN":6,"AMBIENT":9517,"BATTERY_VOLTAGE":"OK","SYNC":0,"WIFI":4,"MESSAGE":""}	6	2024-12-19 10:31:56	2025-01-13 15:41:03
8222	MLP0011260010KPN1f58/update-confirmation/MLI-update-DX2024080525-2025-01-14-07-05-53.json	fetch license error	{"softwareIsValid":true,"model":"MolecuLightDX","serial":"DX2024080525","licenseCode":"MLP001126001","organization":"Vohra","firmware":"1.0.4","software":"B.1.2.256","os":"v3.1.21319","built":"2024-10-16","language":"English","dateFormat":"yyyy-MM-dd","timeFormat":"HH:mm","syncEmr":"SYNC_EMR_NONE","videoRecordingEnabled":true,"loginFailureAction":1800,"getPatientConsent":false,"automaticDateTimeEnabled":true,"usageTracking":false,"lastUsageExportSuccess":"","usageTrackingAutoExport":false,"isUserWifiConfigurable":false,"softwareUpgradeDate":"2025-01-14T07:05:53.610Z","LED_TEMP":1,"POWERDOWN":6,"AMBIENT":57495,"BATTERY_VOLTAGE":"OK","SYNC":0,"WIFI":1,"MESSAGE":""}	6	2025-01-14 06:19:28	2025-01-14 11:41:02
8223	MLP0011260010KPN1f58/update-confirmation/MLI-update-DX2024080525-2025-01-14-06-18-34.json	fetch license error	{"softwareIsValid":true,"model":"MolecuLightDX","serial":"DX2024080525","licenseCode":"MLP001126001","organization":"Vohra","firmware":"1.0.4","software":"B.1.2.273","os":"v3.1.21319","built":"2024-12-03","language":"English","dateFormat":"MM\\/dd\\/yyyy","timeFormat":"hh:mm a","syncEmr":"SYNC_EMR_NONE","videoRecordingEnabled":true,"loginFailureAction":1800,"getPatientConsent":false,"automaticDateTimeEnabled":true,"usageTracking":true,"lastUsageExportSuccess":"","usageTrackingAutoExport":false,"isUserWifiConfigurable":true,"softwareUpgradeDate":"2025-01-14T06:18:34.101Z","LED_TEMP":1,"POWERDOWN":6,"AMBIENT":37117,"BATTERY_VOLTAGE":"OK","SYNC":0,"WIFI":4,"MESSAGE":""}	6	2025-01-14 06:19:28	2025-01-14 11:41:02
8464	MLP0011260010KPN1f58/update-confirmation/MLI-update-DX2024100555-2024-12-12-12-28-48.json	fetch license error	{"softwareIsValid":true,"model":"MolecuLightDX","serial":"DX2024100555","licenseCode":"MLP001126001","organization":"Vohra","firmware":"1.0.4","software":"B.1.2.273","os":"v3.1.21319","built":"2024-12-03","language":"English","dateFormat":"MM\\/dd\\/yyyy","timeFormat":"hh:mm a","syncEmr":"SYNC_EMR_NONE","videoRecordingEnabled":true,"loginFailureAction":1800,"getPatientConsent":false,"automaticDateTimeEnabled":true,"usageTracking":false,"lastUsageExportSuccess":"","usageTrackingAutoExport":false,"isUserWifiConfigurable":true,"softwareUpgradeDate":"2024-12-12T12:28:48.111Z","LED_TEMP":1,"POWERDOWN":6,"AMBIENT":0,"BATTERY_VOLTAGE":"OK","SYNC":0,"WIFI":1,"MESSAGE":""}	6	2025-02-04 09:38:58	2025-02-04 14:41:03
8465	MLP0011260010KPN1f58/update-confirmation/MLI-update-DX2024100555-2024-12-12-12-10-50.json	fetch license error	{"softwareIsValid":true,"model":"MolecuLightDX","serial":"DX2024100555","licenseCode":"MLP001126001","organization":"Vohra","firmware":"1.0.4","software":"B.1.2.256","os":"v3.1.21319","built":"2024-10-16","language":"English","dateFormat":"MM\\/dd\\/yyyy","timeFormat":"hh:mm a","syncEmr":"SYNC_EMR_NONE","videoRecordingEnabled":true,"loginFailureAction":1800,"getPatientConsent":false,"automaticDateTimeEnabled":true,"usageTracking":false,"lastUsageExportSuccess":"","usageTrackingAutoExport":false,"isUserWifiConfigurable":true,"softwareUpgradeDate":"2024-12-12T12:10:50.022Z","LED_TEMP":1,"POWERDOWN":6,"AMBIENT":27827,"BATTERY_VOLTAGE":"OK","SYNC":0,"WIFI":1,"MESSAGE":""}	6	2025-02-04 09:38:59	2025-02-04 14:41:03
8487	MLP0011260010KPN1f58/update-confirmation/MLI-update-DX2024120633-2025-02-07-12-46-52.json	fetch license error	{"softwareIsValid":true,"model":"MolecuLightDX","serial":"DX2024120633","licenseCode":"MLP001126001","organization":"MLI","firmware":"1.0.4","software":"B.1.2.273","os":"v3.1.21319","built":"2024-12-03","language":"English","dateFormat":"MM\\/dd\\/yyyy","timeFormat":"hh:mm a","syncEmr":"SYNC_EMR_NONE","videoRecordingEnabled":true,"loginFailureAction":1800,"getPatientConsent":false,"automaticDateTimeEnabled":true,"usageTracking":true,"lastUsageExportSuccess":"","usageTrackingAutoExport":false,"isUserWifiConfigurable":false,"softwareUpgradeDate":"2025-02-07T12:46:52.223Z","LED_TEMP":1,"POWERDOWN":6,"AMBIENT":65501,"BATTERY_VOLTAGE":"OK","SYNC":2,"WIFI":4,"MESSAGE":""}	6	2025-02-07 12:48:08	2025-02-07 18:41:02
8532	MLP0011260010KPN1f58/update-confirmation/MLI-update-DX2024120628-2025-02-12-06-18-30.json	fetch license error	{"softwareIsValid":true,"model":"MolecuLightDX","serial":"DX2024120628","licenseCode":"MLP001126001","organization":"Vohra","firmware":"1.0.4","software":"B.1.2.273","os":"v3.1.21319","built":"2024-12-03","language":"English","dateFormat":"dd\\/MM\\/yyyy","timeFormat":"hh:mm a","syncEmr":"SYNC_EMR_NONE","videoRecordingEnabled":true,"loginFailureAction":1800,"getPatientConsent":false,"automaticDateTimeEnabled":true,"usageTracking":true,"lastUsageExportSuccess":"","usageTrackingAutoExport":false,"isUserWifiConfigurable":true,"softwareUpgradeDate":"2025-02-12T06:18:30.184Z","LED_TEMP":1,"POWERDOWN":6,"AMBIENT":5968,"BATTERY_VOLTAGE":"OK","SYNC":0,"WIFI":1,"MESSAGE":""}	6	2025-02-12 10:12:49	2025-02-12 15:41:02
8540	MLP0011260010KPN1f58/update-confirmation/MLI-update-DX2024080531-2024-12-18-13-04-36.json	fetch license error	{"softwareIsValid":true,"model":"MolecuLightDX","serial":"DX2024080531","licenseCode":"MLP001126001","organization":"Vohra","firmware":"1.0.4","software":"B.1.2.273","os":"v3.1.21319","built":"2024-12-03","language":"English","dateFormat":"MM\\/dd\\/yyyy","timeFormat":"hh:mm a","syncEmr":"SYNC_EMR_NONE","videoRecordingEnabled":true,"loginFailureAction":1800,"getPatientConsent":false,"automaticDateTimeEnabled":true,"usageTracking":true,"lastUsageExportSuccess":"","usageTrackingAutoExport":false,"isUserWifiConfigurable":false,"softwareUpgradeDate":"2024-12-18T13:04:36.016Z","LED_TEMP":1,"POWERDOWN":6,"AMBIENT":21319,"BATTERY_VOLTAGE":"OK","SYNC":0,"WIFI":1,"MESSAGE":""}	6	2025-02-12 15:57:41	2025-02-12 21:41:01
8619	MLP0011260010KPN1f58/update-confirmation/MLI-update-DX2024120615-2025-02-21-14-12-51.json	fetch license error	{"softwareIsValid":true,"model":"MolecuLightDX","serial":"DX2024120615","licenseCode":"MLP001126001","organization":"Vohra Physician ","firmware":"1.0.4","software":"B.1.2.273","os":"v3.1.21319","built":"2024-12-03","language":"English","dateFormat":"MM\\/dd\\/yyyy","timeFormat":"hh:mm a","syncEmr":"SYNC_EMR_NONE","videoRecordingEnabled":true,"loginFailureAction":1800,"getPatientConsent":false,"automaticDateTimeEnabled":true,"usageTracking":true,"lastUsageExportSuccess":"","usageTrackingAutoExport":false,"isUserWifiConfigurable":true,"softwareUpgradeDate":"2025-02-21T14:12:51.096Z","LED_TEMP":1,"POWERDOWN":6,"AMBIENT":7614,"BATTERY_VOLTAGE":"OK","SYNC":0,"WIFI":4,"MESSAGE":""}	6	2025-02-21 09:12:54	2025-02-21 14:41:01
8671	MLP0011260010KPN1f58/update-confirmation/MLI-update-DX2024120631-2025-02-13-06-34-18.json	fetch license error	{"softwareIsValid":true,"model":"MolecuLightDX","serial":"DX2024120631","licenseCode":"MLP001126001","organization":"VOHRA","firmware":"1.0.4","software":"B.1.2.273","os":"v3.1.21319","built":"2024-12-03","language":"English","dateFormat":"MM\\/dd\\/yyyy","timeFormat":"hh:mm a","syncEmr":"SYNC_EMR_NONE","videoRecordingEnabled":true,"loginFailureAction":1800,"getPatientConsent":false,"automaticDateTimeEnabled":true,"usageTracking":true,"lastUsageExportSuccess":"","usageTrackingAutoExport":false,"isUserWifiConfigurable":true,"softwareUpgradeDate":"2025-02-13T06:34:18.247Z"}	6	2025-03-03 01:50:01	2025-03-03 07:41:01
8725	ML-Test/update-confirmation/MLI-update-DT2024070461-2025-03-08-05-02-17.json	fetch license error	{"softwareIsValid":true,"model":"MolecuLightDX","serial":"DT2024070461","licenseCode":"MLP000000000","organization":"MLI","firmware":"02.00.06","software":"B.0.3.776","os":"v11.1.25064","built":"2025-03-07","language":"English","dateFormat":"yyyy-MM-dd","timeFormat":"hh:mm a","syncEmr":"SYNC_EMR_WOUND_ZOOM","videoRecordingEnabled":false,"loginFailureAction":1800,"getPatientConsent":false,"automaticDateTimeEnabled":true,"usageTracking":false,"lastUsageExportSuccess":"","usageTrackingAutoExport":false,"isUserWifiConfigurable":true,"softwareUpgradeDate":"2025-03-08T05:02:17.489Z"}	6	2025-03-08 05:55:05	2025-03-08 11:41:01
8729	ML-Test/update-confirmation/MLI-update-DT2022030165-2025-03-10-19-33-50.json	fetch license error	{"softwareIsValid":true,"model":"MolecuLightDX","serial":"DT2022030165","licenseCode":"MLP000000000","organization":"MLI","firmware":"02.00.06","software":"B.0.3.782","os":"v11.1.25064","built":"2025-03-09","language":"English","dateFormat":"yyyy-MM-dd","timeFormat":"hh:mm a","syncEmr":"SYNC_EMR_NONE","videoRecordingEnabled":true,"loginFailureAction":1800,"getPatientConsent":false,"automaticDateTimeEnabled":true,"usageTracking":true,"lastUsageExportSuccess":"","usageTrackingAutoExport":false,"isUserWifiConfigurable":true,"softwareUpgradeDate":"2025-03-10T19:33:50.573Z"}	6	2025-03-10 09:30:14	2025-03-11 13:26:01
8730	ML-Test/update-confirmation/MLI-update-DT2023010217-2024-12-22-05-53-40.json	fetch license error	{"softwareIsValid":true,"model":"MolecuLightDX","serial":"DT2023010217","licenseCode":"MLP000000000","organization":"MLI","firmware":"02.00.02","software":"B.0.1.0","os":"v11.1.24323.24323.20241118.16","built":"2020-01-01","language":"English","dateFormat":"yyyy-MM-dd","timeFormat":"hh:mm a","syncEmr":"SYNC_EMR_NONE","videoRecordingEnabled":true,"loginFailureAction":1800,"getPatientConsent":false,"automaticDateTimeEnabled":true,"usageTracking":false,"lastUsageExportSuccess":"","usageTrackingAutoExport":false,"isUserWifiConfigurable":false,"softwareUpgradeDate":"2024-12-22T05:53:40.774Z"}	6	2025-03-10 09:31:27	2025-03-10 14:41:03
8813	MLP0011260010KPN1f58/update-confirmation/MLI-update-DX2025010661-2025-03-15-19-48-55.json	fetch license error	{"softwareIsValid":true,"model":"MolecuLightDX","serial":"DX2025010661","licenseCode":"MLP001126001","organization":"Vohra","firmware":"1.0.4","software":"B.1.2.273","os":"v3.1.21319","built":"2024-12-03","language":"English","dateFormat":"yyyy-MM-dd","timeFormat":"hh:mm a","syncEmr":"SYNC_EMR_NONE","videoRecordingEnabled":true,"loginFailureAction":1800,"getPatientConsent":false,"automaticDateTimeEnabled":true,"usageTracking":false,"lastUsageExportSuccess":"","usageTrackingAutoExport":false,"isUserWifiConfigurable":false,"softwareUpgradeDate":"2025-03-15T19:48:55.052Z","LED_TEMP":1,"POWERDOWN":6,"AMBIENT":5497,"BATTERY_VOLTAGE":"OK","SYNC":0,"WIFI":1,"MESSAGE":""}	6	2025-03-15 20:16:23	2025-03-16 01:41:02
8835	MLP0011260010KPN1f58/update-confirmation/MLI-update-DX2025010659-2025-03-19-11-04-03.json	fetch license error	{"softwareIsValid":true,"model":"MolecuLightDX","serial":"DX2025010659","licenseCode":"MLP001126001","organization":"Vohra physican","firmware":"1.0.4","software":"B.1.2.273","os":"v3.1.21319","built":"2024-12-03","language":"English","dateFormat":"MM\\/dd\\/yyyy","timeFormat":"hh:mm a","syncEmr":"SYNC_EMR_NONE","videoRecordingEnabled":true,"loginFailureAction":1800,"getPatientConsent":false,"automaticDateTimeEnabled":true,"usageTracking":true,"lastUsageExportSuccess":"","usageTrackingAutoExport":false,"isUserWifiConfigurable":true,"softwareUpgradeDate":"2025-03-19T11:04:03.659Z","LED_TEMP":1,"POWERDOWN":6,"AMBIENT":46041,"BATTERY_VOLTAGE":"OK","SYNC":0,"WIFI":4,"MESSAGE":""}	6	2025-03-19 06:05:09	2025-03-19 11:41:02
8906	ML-Test/update-confirmation/MLI-update-DT2022030165-2025-03-10-19-33-50 (1).json	fetch license error	{"softwareIsValid":true,"model":"MolecuLightDX","serial":"DT2022030165","licenseCode":"MLP000000000","organization":"MLI","firmware":"02.00.06","software":"B.0.3.782","os":"v11.1.25064","built":"2025-03-09","language":"English","dateFormat":"yyyy-MM-dd","timeFormat":"hh:mm a","syncEmr":"SYNC_EMR_NONE","videoRecordingEnabled":true,"loginFailureAction":1800,"getPatientConsent":false,"automaticDateTimeEnabled":true,"usageTracking":true,"lastUsageExportSuccess":"","usageTrackingAutoExport":false,"isUserWifiConfigurable":true,"softwareUpgradeDate":"2025-03-10T19:33:50.573Z"}	6	2025-03-26 02:38:48	2025-03-26 07:41:02
8912	MLP0011260010KPN1f58/update-confirmation/MLI-update-DX2025010664-2025-03-26-10-04-13.json	fetch license error	{"softwareIsValid":true,"model":"MolecuLightDX","serial":"DX2025010664","licenseCode":"MLP001126001","organization":"Vohra","firmware":"1.0.4","software":"B.1.2.273","os":"v3.1.21319","built":"2024-12-03","language":"English","dateFormat":"MM\\/dd\\/yyyy","timeFormat":"hh:mm a","syncEmr":"SYNC_EMR_NONE","videoRecordingEnabled":true,"loginFailureAction":1800,"getPatientConsent":false,"automaticDateTimeEnabled":true,"usageTracking":false,"lastUsageExportSuccess":"","usageTrackingAutoExport":false,"isUserWifiConfigurable":false,"softwareUpgradeDate":"2025-03-26T10:04:13.055Z","LED_TEMP":1,"POWERDOWN":6,"AMBIENT":14096,"BATTERY_VOLTAGE":"OK","SYNC":0,"WIFI":1,"MESSAGE":""}	6	2025-03-26 13:16:57	2025-03-26 18:41:01
8920	MLP0011260010KPN1f58/update-confirmation/MLI-update-DX2025010663-2025-03-26-08-56-22.json	fetch license error	{"softwareIsValid":true,"model":"MolecuLightDX","serial":"DX2025010663","licenseCode":"MLP001126001","organization":"Vohra","firmware":"1.0.4","software":"B.1.2.273","os":"v3.1.21319","built":"2024-12-03","language":"English","dateFormat":"MM\\/dd\\/yyyy","timeFormat":"hh:mm a","syncEmr":"SYNC_EMR_NONE","videoRecordingEnabled":true,"loginFailureAction":1800,"getPatientConsent":false,"automaticDateTimeEnabled":true,"usageTracking":true,"lastUsageExportSuccess":"","usageTrackingAutoExport":false,"isUserWifiConfigurable":false,"softwareUpgradeDate":"2025-03-26T08:56:22.894Z","LED_TEMP":1,"POWERDOWN":6,"AMBIENT":23130,"BATTERY_VOLTAGE":"OK","SYNC":0,"WIFI":1,"MESSAGE":""}	6	2025-03-27 18:45:42	2025-03-28 00:41:02
9053	MLP0011260010KPN1f58/update-confirmation/MLI-update-DX2025010662-2025-04-09-18-28-40.json	fetch license error	{"softwareIsValid":true,"model":"MolecuLightDX","serial":"DX2025010662","licenseCode":"MLP001126001","organization":"Vohra","firmware":"1.0.4","software":"B.1.2.273","os":"v3.1.21319","built":"2024-12-03","language":"English","dateFormat":"yyyy-MM-dd","timeFormat":"hh:mm a","syncEmr":"SYNC_EMR_NONE","videoRecordingEnabled":true,"loginFailureAction":1800,"getPatientConsent":false,"automaticDateTimeEnabled":true,"usageTracking":false,"lastUsageExportSuccess":"","usageTrackingAutoExport":false,"isUserWifiConfigurable":false,"softwareUpgradeDate":"2025-04-09T18:28:40.325Z","LED_TEMP":1,"POWERDOWN":6,"AMBIENT":223,"BATTERY_VOLTAGE":"OK","SYNC":0,"WIFI":4,"MESSAGE":""}	6	2025-04-09 18:29:40	2025-04-09 23:41:01
9122	MLP0011260010KPN1f58/update-confirmation/MLI-update-DX2024100564-2025-02-17-02-16-46.json	fetch license error	{"softwareIsValid":true,"model":"MolecuLightDX","serial":"DX2024100564","licenseCode":"MLP001126001","organization":"Vohra Wound Physicians","firmware":"1.0.4","software":"B.1.2.273","os":"v3.1.21319","built":"2024-12-03","language":"English","dateFormat":"yyyy-MM-dd","timeFormat":"hh:mm a","syncEmr":"SYNC_EMR_NONE","videoRecordingEnabled":true,"loginFailureAction":1800,"getPatientConsent":false,"automaticDateTimeEnabled":true,"usageTracking":true,"lastUsageExportSuccess":"","usageTrackingAutoExport":false,"isUserWifiConfigurable":true,"softwareUpgradeDate":"2025-02-17T02:16:46.693Z","LED_TEMP":1,"POWERDOWN":6,"AMBIENT":80,"BATTERY_VOLTAGE":"OK","SYNC":0,"WIFI":1,"MESSAGE":""}	6	2025-04-16 16:34:06	2025-04-16 21:41:02
